order_id,partner_id,assignment_cost,order_distance_km,predicted_delivery_time
0,P5,20.1448,19.688340311678903,20.0
1,P3,4.4083,3.1089883297664818,26.0
2,P4,11.1101,11.007734763744617,22.0
3,P4,18.2372,17.29786575291325,15.0
4,P5,4.6771,7.790109178658928,20.0
5,P2,3.2452,1.4652035676629847,17.0
6,P2,3.5829,3.0253456532216494,15.0
7,P6,16.8832,16.602467168326267,38.0
8,P3,17.0341,12.103166363269912,39.0
9,P3,4.8658,4.589099458436046,23.0
10,P3,5.104,4.656945385949658,24.0
11,P5,3.5903,7.761768725951299,13.0
12,P6,10.1176,10.590448391072377,45.0
13,P4,3.165,6.049993267691926,12.0
14,P2,3.9866,3.105095437473068,17.0
15,P6,4.4727,9.363582612379771,18.0
16,P2,4.8866,3.1050835221083886,23.0
17,P6,6.9717,10.709003371535461,23.0
18,P5,13.6766,13.789707457541457,28.0
19,P4,20.0377,16.721288103917647,32.0
