restaurant_proxy_id,rating,orders,distance_km,city,order_type,restaurant_lat,restaurant_lon,restaurant_name,text
10.0007_76.3495,4.716129032258064,33,9.221371950073735,Metropolitian,Snack,10.000706,76.349516,RestaurantProxy_10.0007_76.3495,Metropolitian Snack
10.0031_76.3076,4.7,30,9.72730465306056,Metropolitian,Buffet,10.003064,76.307589,RestaurantProxy_10.0031_76.3076,Metropolitian Buffet
10.0069_76.3454,4.68780487804878,41,9.972084110182841,Metropolitian,Buffet,10.006881,76.345397,RestaurantProxy_10.0069_76.3454,Metropolitian Buffet
10.0207_76.3106,4.648387096774194,32,9.753041740854938,Metropolitian,Snack,10.020683,76.310631,RestaurantProxy_10.0207_76.3106,Metropolitian Snack
10.0274_76.3083,4.6171428571428565,37,10.121952010570359,Metropolitian,Meal,10.027364,76.308258,RestaurantProxy_10.0274_76.3083,Metropolitian Meal
10.027_76.3081,4.632258064516129,31,9.715187670457484,Metropolitian,Buffet,10.027014,76.308053,RestaurantProxy_10.027_76.3081,Metropolitian Buffet
10.028_76.31,4.714285714285714,35,9.764065713786183,Metropolitian,Drinks,10.028047,76.310019,RestaurantProxy_10.028_76.31,Metropolitian Drinks
10.0356_76.337,4.625806451612903,33,9.977409715417508,Metropolitian,Snack,10.035573,76.336958,RestaurantProxy_10.0356_76.337,Metropolitian Snack
10.9618_76.9711,4.68843537414966,154,9.89523752297371,Metropolitian,Snack,10.96185,76.971082,RestaurantProxy_10.9618_76.9711,Metropolitian Snack
10.9941_76.9633,4.59281045751634,156,9.827764939608821,Metropolitian,Drinks,10.994136,76.963303,RestaurantProxy_10.9941_76.9633,Metropolitian Drinks
11.0008_76.9819,4.64025974025974,157,9.556679372201934,Metropolitian,Drinks,11.000762,76.981876,RestaurantProxy_11.0008_76.9819,Metropolitian Drinks
11.0018_76.9862,4.625641025641026,162,9.838731544067343,Metropolitian,Buffet,11.001753,76.986241,RestaurantProxy_11.0018_76.9862,Metropolitian Buffet
11.0019_76.9763,4.647552447552448,145,9.57389605098005,Metropolitian,Drinks,11.001852,76.976268,RestaurantProxy_11.0019_76.9763,Metropolitian Drinks
11.0037_76.9755,4.584722222222222,152,9.440498040393653,Metropolitian,Meal,11.003681,76.975525,RestaurantProxy_11.0037_76.9755,Metropolitian Meal
11.0037_76.9765,4.635416666666667,147,9.274045662204966,Metropolitian,Snack,11.003669,76.976494,RestaurantProxy_11.0037_76.9765,Metropolitian Snack
11.003_76.9754,4.6169811320754715,164,9.728275177760457,Metropolitian,Drinks,11.003008,76.97544,RestaurantProxy_11.003_76.9754,Metropolitian Drinks
11.0067_76.9517,4.5532467532467535,156,10.057260081389602,Metropolitian,Buffet,11.006686,76.951736,RestaurantProxy_11.0067_76.9517,Metropolitian Buffet
11.0086_76.9843,4.63841059602649,158,9.525660533281895,Metropolitian,Drinks,11.008638,76.984311,RestaurantProxy_11.0086_76.9843,Metropolitian Drinks
11.0104_76.953,4.627891156462585,155,9.539119002511208,Metropolitian,Snack,11.010375,76.95295,RestaurantProxy_11.0104_76.953,Metropolitian Snack
11.0163_76.9721,4.600689655172414,151,9.874238680751219,Metropolitian,Buffet,11.016298,76.972076,RestaurantProxy_11.0163_76.9721,Metropolitian Buffet
11.0209_76.9404,4.64,153,9.561794052144199,Metropolitian,Meal,11.02091,76.940432,RestaurantProxy_11.0209_76.9404,Metropolitian Meal
11.0213_76.995,4.656578947368421,159,9.75949662114126,Metropolitian,Snack,11.021278,76.995017,RestaurantProxy_11.0213_76.995,Metropolitian Snack
11.0222_76.9996,4.606122448979592,150,9.89840916861308,Metropolitian,Meal,11.022169,76.999594,RestaurantProxy_11.0222_76.9996,Metropolitian Meal
11.0223_76.9983,4.687417218543046,155,9.589179507634736,Metropolitian,Meal,11.022298,76.998349,RestaurantProxy_11.0223_76.9983,Metropolitian Meal
11.0225_76.9957,4.664814814814815,163,9.692030154873786,Metropolitian,Drinks,11.022477,76.995667,RestaurantProxy_11.0225_76.9957,Metropolitian Drinks
11.0248_77.007,4.626973684210526,159,9.857415593173648,Metropolitian,Buffet,11.024839,77.007003,RestaurantProxy_11.0248_77.007,Metropolitian Buffet
11.0251_77.0154,4.621818181818182,167,9.581134203676372,Metropolitian,Buffet,11.025083,77.015393,RestaurantProxy_11.0251_77.0154,Metropolitian Buffet
11.0261_76.9447,4.568666666666666,153,9.266431988243436,Metropolitian,Drinks,11.026117,76.944652,RestaurantProxy_11.0261_76.9447,Metropolitian Drinks
12.2847_76.6259,4.608609271523179,155,9.607907320851192,Metropolitian,Snack,12.284747,76.625861,RestaurantProxy_12.2847_76.6259,Metropolitian Snack
12.298_76.6652,4.621917808219178,154,9.801252517618243,Metropolitian,Meal,12.297954,76.665169,RestaurantProxy_12.298_76.6652,Metropolitian Meal
12.2995_76.6426,4.575694444444444,149,9.420742055898998,Metropolitian,Meal,12.299524,76.64262,RestaurantProxy_12.2995_76.6426,Metropolitian Meal
12.3046_76.6436,4.668493150684932,152,9.500612994615583,Metropolitian,Drinks,12.304569,76.643622,RestaurantProxy_12.3046_76.6436,Metropolitian Drinks
12.3085_76.6658,4.681012658227848,165,9.420885531138987,Metropolitian,Buffet,12.3085,76.665808,RestaurantProxy_12.3085_76.6658,Metropolitian Buffet
12.3111_76.6549,4.6392592592592585,143,9.50057353954172,Metropolitian,Snack,12.311072,76.654878,RestaurantProxy_12.3111_76.6549,Metropolitian Snack
12.311_76.6593,4.641333333333334,154,9.528518509670436,Metropolitian,Drinks,12.310972,76.659264,RestaurantProxy_12.311_76.6593,Metropolitian Drinks
12.317_76.6031,4.651724137931034,150,10.093364062288407,Metropolitian,Buffet,12.316967,76.603067,RestaurantProxy_12.317_76.6031,Metropolitian Buffet
12.3212_76.6211,4.653846153846154,150,9.730578260212233,Metropolitian,Snack,12.321214,76.621094,RestaurantProxy_12.3212_76.6211,Metropolitian Snack
12.3232_76.63,4.620779220779221,160,9.559571333060445,Metropolitian,Snack,12.323225,76.630028,RestaurantProxy_12.3232_76.63,Metropolitian Snack
12.3232_76.6306,4.6746753246753245,157,9.95015182066032,Metropolitian,Buffet,12.323194,76.630583,RestaurantProxy_12.3232_76.6306,Metropolitian Buffet
12.324_76.6262,4.675,155,9.547033269898028,Metropolitian,Buffet,12.323994,76.626167,RestaurantProxy_12.324_76.6262,Metropolitian Buffet
12.324_76.628,4.59811320754717,168,9.428191360162277,Metropolitian,Buffet,12.323978,76.627961,RestaurantProxy_12.324_76.628,Metropolitian Buffet
12.3255_76.6323,4.6454545454545455,158,9.936314519027478,Metropolitian,Drinks,12.325461,76.632278,RestaurantProxy_12.3255_76.6323,Metropolitian Drinks
12.3264_76.6191,4.655172413793103,154,9.820934256227014,Metropolitian,Snack,12.326356,76.619103,RestaurantProxy_12.3264_76.6191,Metropolitian Snack
12.334_76.6182,4.6000000000000005,158,9.542663509434563,Metropolitian,Meal,12.334022,76.618203,RestaurantProxy_12.334_76.6182,Metropolitian Meal
12.3379_76.6179,4.630921052631579,158,9.542597130940683,Metropolitian,Snack,12.337928,76.617889,RestaurantProxy_12.3379_76.6179,Metropolitian Snack
12.338_76.6168,4.632484076433121,162,9.738735845610863,Metropolitian,Buffet,12.337978,76.616792,RestaurantProxy_12.338_76.6168,Metropolitian Buffet
12.3521_76.6066,4.6401315789473685,159,9.7169404977431,Metropolitian,Buffet,12.352058,76.60665,RestaurantProxy_12.3521_76.6066,Metropolitian Buffet
12.9062_77.5968,4.672340425531915,149,9.743262973606596,Metropolitian,Meal,12.906229,77.596791,RestaurantProxy_12.9062_77.5968,Metropolitian Meal
12.913_77.6832,4.645578231292517,154,9.910744392365302,Metropolitian,Drinks,12.913041,77.683237,RestaurantProxy_12.913_77.6832,Metropolitian Drinks
12.9143_77.6784,4.63082191780822,152,10.092175648619605,Metropolitian,Drinks,12.914264,77.6784,RestaurantProxy_12.9143_77.6784,Metropolitian Drinks
12.9333_77.6143,4.632484076433121,161,9.556616752324892,Metropolitian,Snack,12.933298000000002,77.614293,RestaurantProxy_12.9333_77.6143,Metropolitian Snack
12.9333_77.6154,4.65379746835443,160,9.791009833844939,Metropolitian,Meal,12.933284,77.615428,RestaurantProxy_12.9333_77.6154,Metropolitian Meal
12.9342_77.6158,4.644,156,9.693707293411478,Metropolitian,Drinks,12.934179,77.615797,RestaurantProxy_12.9342_77.6158,Metropolitian Drinks
12.9344_77.6162,4.643971631205673,150,9.636378712509401,Metropolitian,Meal,12.934365,77.616155,RestaurantProxy_12.9344_77.6162,Metropolitian Meal
12.9357_77.6141,4.58972602739726,158,9.954186791135827,Metropolitian,Meal,12.935662,77.61413,RestaurantProxy_12.9357_77.6141,Metropolitian Meal
12.9395_77.626,4.62517006802721,157,9.493431791967717,Metropolitian,Meal,12.939496,77.625999,RestaurantProxy_12.9395_77.626,Metropolitian Meal
12.9499_77.6994,4.622012578616352,164,9.627636106344179,Metropolitian,Meal,12.949934,77.699386,RestaurantProxy_12.9499_77.6994,Metropolitian Meal
12.9702_77.6454,4.620529801324504,156,9.72287143004577,Metropolitian,Snack,12.970221,77.645396,RestaurantProxy_12.9702_77.6454,Metropolitian Snack
12.9703_77.6457,4.6381250000000005,163,9.657743165653123,Metropolitian,Buffet,12.970324,77.645748,RestaurantProxy_12.9703_77.6457,Metropolitian Buffet
12.9722_77.596,4.635714285714286,149,9.283601427137247,Metropolitian,Meal,12.972161,77.596014,RestaurantProxy_12.9722_77.596,Metropolitian Meal
12.9725_77.6082,4.646451612903226,159,9.666319287038625,Metropolitian,Snack,12.972532,77.608179,RestaurantProxy_12.9725_77.6082,Metropolitian Snack
12.9728_80.25,4.647058823529412,161,9.970495001482409,Metropolitian,Buffet,12.972792999999998,80.249982,RestaurantProxy_12.9728_80.25,Metropolitian Buffet
12.9754_77.6967,4.625,159,9.656508153239205,Metropolitian,Meal,12.975376999999998,77.696664,RestaurantProxy_12.9754_77.6967,Metropolitian Meal
12.976_80.2219,4.64,158,9.619367693609963,Metropolitian,Drinks,12.975995999999999,80.221898,RestaurantProxy_12.976_80.2219,Metropolitian Drinks
12.9785_77.6437,4.633548387096774,164,9.7596100363209,Metropolitian,Drinks,12.978453,77.643685,RestaurantProxy_12.9785_77.6437,Metropolitian Drinks
12.9791_77.6406,4.623376623376624,159,9.529512826995148,Metropolitian,Drinks,12.979096000000002,77.640625,RestaurantProxy_12.9791_77.6406,Metropolitian Drinks
12.9792_77.6407,4.6414634146341465,169,9.875035234064711,Metropolitian,Snack,12.979166,77.640709,RestaurantProxy_12.9792_77.6407,Metropolitian Snack
12.9804_77.6405,4.616107382550335,154,9.637276436136927,Metropolitian,Snack,12.98041,77.640489,RestaurantProxy_12.9804_77.6405,Metropolitian Snack
12.9816_80.2316,4.604827586206897,152,9.753817649171628,Metropolitian,Drinks,12.981615,80.231598,RestaurantProxy_12.9816_80.2316,Metropolitian Drinks
12.986_80.2181,4.660402684563758,158,9.727231990752847,Metropolitian,Drinks,12.986046999999997,80.218114,RestaurantProxy_12.986_80.2181,Metropolitian Drinks
13.0058_80.2507,4.674838709677419,160,9.51796950065279,Metropolitian,Drinks,13.005801,80.250744,RestaurantProxy_13.0058_80.2507,Metropolitian Drinks
13.0224_80.2424,4.616197183098592,144,9.410951062348085,Metropolitian,Meal,13.022394,80.242439,RestaurantProxy_13.0224_80.2424,Metropolitian Meal
13.0263_80.1746,4.683561643835616,152,9.793831261820666,Metropolitian,Drinks,13.026279,80.174568,RestaurantProxy_13.0263_80.1746,Metropolitian Drinks
13.0263_80.2752,4.618543046357615,155,9.464073546705814,Metropolitian,Drinks,13.026286,80.275235,RestaurantProxy_13.0263_80.2752,Metropolitian Drinks
13.027_80.2548,4.6281690140845075,148,9.576036350694913,Metropolitian,Buffet,13.027018,80.254791,RestaurantProxy_13.027_80.2548,Metropolitian Buffet
13.0292_77.571,4.619254658385094,163,9.418536369032566,Metropolitian,Drinks,13.029198,77.570997,RestaurantProxy_13.0292_77.571,Metropolitian Drinks
13.0298_80.2088,4.626666666666667,156,9.841131844700598,Metropolitian,Snack,13.02978,80.208812,RestaurantProxy_13.0298_80.2088,Metropolitian Snack
13.0447_80.2615,4.665972222222222,150,9.675678413268445,Metropolitian,Snack,13.044694,80.26147,RestaurantProxy_13.0447_80.2615,Metropolitian Snack
13.0455_80.2331,4.616783216783217,150,9.541160048276188,Metropolitian,Buffet,13.045479,80.23311,RestaurantProxy_13.0455_80.2331,Metropolitian Buffet
13.0496_80.2423,4.591772151898734,163,9.789543376850363,Metropolitian,Buffet,13.049645,80.242268,RestaurantProxy_13.0496_80.2423,Metropolitian Buffet
13.0543_80.2572,4.567361111111111,150,9.716877687672012,Metropolitian,Snack,13.054347,80.257221,RestaurantProxy_13.0543_80.2572,Metropolitian Snack
13.0586_80.2642,4.658895705521473,166,10.220222553417884,Metropolitian,Buffet,13.058616000000002,80.264151,RestaurantProxy_13.0586_80.2642,Metropolitian Buffet
13.0642_80.2364,4.612903225806452,158,9.303332392077902,Metropolitian,Drinks,13.064181,80.236442,RestaurantProxy_13.0642_80.2364,Metropolitian Drinks
13.0668_80.2519,4.673202614379085,158,9.902519210607378,Metropolitian,Snack,13.066762,80.251865,RestaurantProxy_13.0668_80.2519,Metropolitian Snack
13.0819_80.2485,4.598675496688742,156,9.969462972359311,Metropolitian,Drinks,13.081878,80.248519,RestaurantProxy_13.0819_80.2485,Metropolitian Drinks
13.0864_80.2207,4.609929078014185,153,9.992417467448655,Metropolitian,Meal,13.086438,80.220672,RestaurantProxy_13.0864_80.2207,Metropolitian Meal
13.0918_80.2191,4.609859154929578,147,9.397118268850322,Metropolitian,Drinks,13.091809,80.219104,RestaurantProxy_13.0918_80.2191,Metropolitian Drinks
15.1579_73.9509,4.578125,34,10.271513748208653,Metropolitian,Meal,15.157944,73.950889,RestaurantProxy_15.1579_73.9509,Metropolitian Meal
15.3039_73.9143,4.626315789473685,38,9.471796695662974,Metropolitian,Buffet,15.303897000000001,73.914336,RestaurantProxy_15.3039_73.9143,Metropolitian Buffet
15.494_73.8274,4.615625,34,8.764952487510818,Metropolitian,Meal,15.49395,73.827423,RestaurantProxy_15.494_73.8274,Metropolitian Meal
15.4962_73.8254,4.6000000000000005,39,9.14566396564861,Metropolitian,Meal,15.496162,73.825364,RestaurantProxy_15.4962_73.8254,Metropolitian Meal
15.4986_73.8269,4.646875,33,9.82577872649181,Metropolitian,Buffet,15.498603,73.826911,RestaurantProxy_15.4986_73.8269,Metropolitian Buffet
15.5062_73.7667,4.7125,33,8.42205465859768,Metropolitian,Drinks,15.506205,73.766668,RestaurantProxy_15.5062_73.7667,Metropolitian Drinks
15.5132_73.7835,4.645454545454545,37,9.430956471041844,Metropolitian,Buffet,15.51315,73.78346,RestaurantProxy_15.5132_73.7835,Metropolitian Buffet
15.5168_73.7682,4.712121212121212,35,9.528649813672278,Metropolitian,Buffet,15.516833,73.768172,RestaurantProxy_15.5168_73.7682,Metropolitian Buffet
15.5444_73.7557,4.65483870967742,33,10.292606126471213,Metropolitian,Meal,15.544419,73.755736,RestaurantProxy_15.5444_73.7557,Metropolitian Meal
15.5466_73.7604,4.665517241379311,30,9.160398272757593,Metropolitian,Meal,15.546594,73.760431,RestaurantProxy_15.5466_73.7604,Metropolitian Meal
15.5566_73.7636,4.525,32,9.263106500405458,Metropolitian,Drinks,15.556561,73.763633,RestaurantProxy_15.5566_73.7636,Metropolitian Drinks
15.5613_73.7495,4.722222222222222,38,10.319259155672244,Metropolitian,Meal,15.561295,73.749478,RestaurantProxy_15.5613_73.7495,Metropolitian Meal
15.5616_73.7491,4.622580645161291,33,8.982313290223747,Metropolitian,Buffet,15.56155,73.749092,RestaurantProxy_15.5616_73.7491,Metropolitian Buffet
15.5696_73.7423,4.624242424242424,33,10.385506323392061,Metropolitian,Buffet,15.5696,73.742294,RestaurantProxy_15.5696_73.7423,Metropolitian Buffet
15.5748_73.7669,4.619354838709677,33,9.30951292858452,Metropolitian,Drinks,15.574828,73.766883,RestaurantProxy_15.5748_73.7669,Metropolitian Drinks
15.5767_73.7558,4.661290322580645,34,9.489670584541567,Metropolitian,Meal,15.576683,73.75575,RestaurantProxy_15.5767_73.7558,Metropolitian Meal
15.5857_73.7436,4.706060606060606,35,9.13018779846504,Metropolitian,Snack,15.585657999999999,73.743606,RestaurantProxy_15.5857_73.7436,Metropolitian Snack
17.4104_78.4372,4.608552631578948,153,9.732848084545614,Metropolitian,Snack,17.410371,78.437225,RestaurantProxy_17.4104_78.4372,Metropolitian Snack
17.411_78.3296,4.653164556962025,161,9.879186230031054,Metropolitian,Snack,17.411028,78.329645,RestaurantProxy_17.411_78.3296,Metropolitian Snack
17.4123_78.4497,4.638853503184713,167,9.551825679685964,Metropolitian,Buffet,17.41233,78.449654,RestaurantProxy_17.4123_78.4497,Metropolitian Buffet
17.4228_78.4496,4.591558441558441,157,9.328006330597331,Metropolitian,Buffet,17.422819,78.449578,RestaurantProxy_17.4228_78.4496,Metropolitian Buffet
17.4241_78.3476,4.6434482758620685,153,9.692328146621717,Metropolitian,Snack,17.424114,78.347554,RestaurantProxy_17.4241_78.3476,Metropolitian Snack
17.4262_78.4075,4.648148148148148,145,9.781917330029046,Metropolitian,Snack,17.426228,78.407495,RestaurantProxy_17.4262_78.4075,Metropolitian Snack
17.4283_78.4044,4.6582191780821915,151,9.667950303961533,Metropolitian,Meal,17.428294,78.404423,RestaurantProxy_17.4283_78.4044,Metropolitian Meal
17.4296_78.3926,4.64320987654321,167,9.634214272255793,Metropolitian,Drinks,17.429585,78.392621,RestaurantProxy_17.4296_78.3926,Metropolitian Drinks
17.4304_78.4182,4.632926829268293,169,9.502000776950972,Metropolitian,Drinks,17.430448,78.418213,RestaurantProxy_17.4304_78.4182,Metropolitian Drinks
17.4315_78.4004,4.654037267080745,164,9.885345043235793,Metropolitian,Buffet,17.431477,78.40035,RestaurantProxy_17.4315_78.4004,Metropolitian Buffet
17.4317_78.4083,4.633548387096774,163,9.474641353899115,Metropolitian,Meal,17.431668,78.408321,RestaurantProxy_17.4317_78.4083,Metropolitian Meal
17.4338_78.3867,4.628082191780822,150,9.383961490748527,Metropolitian,Meal,17.433809,78.386744,RestaurantProxy_17.4338_78.3867,Metropolitian Meal
17.4383_78.3979,4.63525641025641,159,9.519532097780115,Metropolitian,Meal,17.438263,78.397865,RestaurantProxy_17.4383_78.3979,Metropolitian Meal
17.4408_78.3934,4.633802816901408,147,9.512585776467603,Metropolitian,Meal,17.440827,78.393391,RestaurantProxy_17.4408_78.3934,Metropolitian Meal
17.4509_78.3793,4.652054794520549,151,9.718251482208018,Metropolitian,Buffet,17.450851,78.379347,RestaurantProxy_17.4509_78.3793,Metropolitian Buffet
17.452_78.3859,4.627027027027027,153,9.54098201579968,Metropolitian,Buffet,17.451976,78.385883,RestaurantProxy_17.452_78.3859,Metropolitian Buffet
17.4559_78.3755,4.61523178807947,161,9.496285504583591,Metropolitian,Snack,17.455894,78.375467,RestaurantProxy_17.4559_78.3755,Metropolitian Snack
17.4597_78.3689,4.624503311258278,156,9.613417579896133,Metropolitian,Buffet,17.45971,78.368855,RestaurantProxy_17.4597_78.3689,Metropolitian Buffet
17.459_78.5004,4.631292517006802,155,9.467270578319727,Metropolitian,Snack,17.458998,78.500366,RestaurantProxy_17.459_78.5004,Metropolitian Snack
17.4832_78.5521,4.613888888888889,152,9.532203375857668,Metropolitian,Drinks,17.483216,78.552111,RestaurantProxy_17.4832_78.5521,Metropolitian Drinks
18.5142_73.8384,4.670289855072464,143,9.546819037507726,Metropolitian,Meal,18.51421,73.838429,RestaurantProxy_18.5142_73.8384,Metropolitian Meal
18.5162_73.8425,4.6121621621621625,154,9.581191045452796,Metropolitian,Buffet,18.516216,73.842527,RestaurantProxy_18.5162_73.8425,Metropolitian Buffet
18.52_73.8305,4.584732824427481,140,10.22176307859752,Metropolitian,Meal,18.520016,73.830547,RestaurantProxy_18.52_73.8305,Metropolitian Meal
18.531_73.829,4.633986928104576,160,9.6141230946596,Metropolitian,Meal,18.530963,73.828972,RestaurantProxy_18.531_73.829,Metropolitian Meal
18.5338_73.8993,4.658709677419355,158,9.551526448472634,Metropolitian,Buffet,18.533811,73.899315,RestaurantProxy_18.5338_73.8993,Metropolitian Buffet
18.5341_73.8985,4.6571428571428575,161,9.725622206944855,Metropolitian,Drinks,18.53408,73.89852,RestaurantProxy_18.5341_73.8985,Metropolitian Drinks
18.5366_73.8965,4.61,154,9.302109312920228,Metropolitian,Snack,18.536562,73.896485,RestaurantProxy_18.5366_73.8965,Metropolitian Snack
18.5367_73.8303,4.663448275862069,151,9.162296844649248,Metropolitian,Drinks,18.536718,73.830327,RestaurantProxy_18.5367_73.8303,Metropolitian Drinks
18.5393_73.8979,4.614765100671141,152,9.111982750155198,Metropolitian,Drinks,18.539299,73.897902,RestaurantProxy_18.5393_73.8979,Metropolitian Drinks
18.5436_73.9051,4.642142857142857,150,9.396770653987991,Metropolitian,Buffet,18.543626,73.905101,RestaurantProxy_18.5436_73.9051,Metropolitian Buffet
18.5463_73.9043,4.6819999999999995,157,9.875482508535361,Metropolitian,Snack,18.546258,73.904337,RestaurantProxy_18.5463_73.9043,Metropolitian Snack
18.5469_73.9006,4.653333333333333,155,9.212189524395685,Metropolitian,Snack,18.546947,73.900626,RestaurantProxy_18.5469_73.9006,Metropolitian Snack
18.5514_73.8049,4.65625,150,9.702947670295744,Metropolitian,Snack,18.55144,73.804855,RestaurantProxy_18.5514_73.8049,Metropolitian Snack
18.5544_73.7982,4.642465753424657,153,9.792991054083796,Metropolitian,Buffet,18.554382,73.798206,RestaurantProxy_18.5544_73.7982,Metropolitian Buffet
18.5624_73.9166,4.631756756756757,152,9.081160165401714,Metropolitian,Drinks,18.56245,73.916619,RestaurantProxy_18.5624_73.9166,Metropolitian Drinks
18.5639_73.9154,4.611034482758621,155,9.74548540723515,Metropolitian,Meal,18.563934,73.915367,RestaurantProxy_18.5639_73.9154,Metropolitian Meal
18.5692_73.7747,4.637888198757764,167,9.567924000745249,Metropolitian,Meal,18.569156,73.774723,RestaurantProxy_18.5692_73.7747,Metropolitian Meal
18.5927_73.7736,4.634640522875817,159,9.61514333375389,Metropolitian,Meal,18.592718,73.773572,RestaurantProxy_18.5927_73.7736,Metropolitian Meal
18.5935_73.7859,4.590322580645161,160,9.689053962561948,Metropolitian,Buffet,18.593481,73.785901,RestaurantProxy_18.5935_73.7859,Metropolitian Buffet
18.6362_73.7511,4.641958041958041,150,9.710860866449321,Metropolitian,Meal,18.636215,73.751081,RestaurantProxy_18.6362_73.7511,Metropolitian Meal
18.9276_72.8326,4.661935483870968,160,9.488662161888621,Metropolitian,Buffet,18.927584,72.832585,RestaurantProxy_18.9276_72.8326,Metropolitian Buffet
18.9942_72.8256,4.647945205479452,149,9.293835938540914,Metropolitian,Meal,18.994237,72.825553,RestaurantProxy_18.9942_72.8256,Metropolitian Meal
18.994_72.8252,4.599337748344371,158,9.64570328889642,Metropolitian,Snack,18.994049,72.825203,RestaurantProxy_18.994_72.8252,Metropolitian Snack
19.0035_72.8276,4.629530201342281,154,9.409130475038276,Metropolitian,Snack,19.003517,72.82765,RestaurantProxy_19.0035_72.8276,Metropolitian Snack
19.0558_72.834,4.6869863013698625,151,9.543972755636604,Metropolitian,Snack,19.055831,72.833984,RestaurantProxy_19.0558_72.834,Metropolitian Snack
19.0658_72.8327,4.608219178082192,151,9.65514560362353,Metropolitian,Drinks,19.065838,72.832658,RestaurantProxy_19.0658_72.8327,Metropolitian Drinks
19.0915_72.8278,4.621192052980132,156,9.609763975245878,Metropolitian,Buffet,19.091458,72.827808,RestaurantProxy_19.0915_72.8278,Metropolitian Buffet
19.1032_72.8467,4.610638297872341,147,9.219636058024243,Metropolitian,Snack,19.103249,72.846749,RestaurantProxy_19.1032_72.8467,Metropolitian Snack
19.1093_72.8255,4.603496503496503,153,9.487771747825441,Metropolitian,Drinks,19.1093,72.825451,RestaurantProxy_19.1093_72.8255,Metropolitian Drinks
19.1201_72.9074,4.675333333333333,158,9.671266771237708,Metropolitian,Drinks,19.120083,72.907385,RestaurantProxy_19.1201_72.9074,Metropolitian Drinks
19.122_72.9085,4.686928104575164,160,9.397384255993826,Metropolitian,Meal,19.121999,72.908493,RestaurantProxy_19.122_72.9085,Metropolitian Meal
19.1266_72.83,4.626315789473685,158,9.29357498341213,Metropolitian,Buffet,19.12663,72.829976,RestaurantProxy_19.1266_72.83,Metropolitian Buffet
19.1311_72.8131,4.653846153846154,161,9.652231691072593,Metropolitian,Snack,19.131141,72.813074,RestaurantProxy_19.1311_72.8131,Metropolitian Snack
19.1763_72.8367,4.594805194805195,156,9.568214948566137,Metropolitian,Buffet,19.176269,72.836721,RestaurantProxy_19.1763_72.8367,Metropolitian Buffet
19.1783_72.8347,4.5927152317880795,156,9.744610965901737,Metropolitian,Snack,19.178321,72.834715,RestaurantProxy_19.1783_72.8347,Metropolitian Snack
19.1813_72.8362,4.6090322580645156,161,9.394429818742452,Metropolitian,Buffet,19.1813,72.836191,RestaurantProxy_19.1813_72.8362,Metropolitian Buffet
19.2072_72.9723,4.666666666666667,151,9.580325954405671,Metropolitian,Snack,19.207222,72.972281,RestaurantProxy_19.2072_72.9723,Metropolitian Snack
19.2213_72.8624,4.616455696202531,160,9.710069900268739,Metropolitian,Buffet,19.221315,72.862381,RestaurantProxy_19.2213_72.8624,Metropolitian Buffet
19.2238_72.8413,4.611764705882353,161,9.393281804315974,Metropolitian,Drinks,19.22384,72.841347,RestaurantProxy_19.2238_72.8413,Metropolitian Drinks
19.2546_72.8489,4.674666666666667,157,9.544071279597027,Metropolitian,Meal,19.254567,72.848923,RestaurantProxy_19.2546_72.8489,Metropolitian Meal
19.867_75.3189,4.632258064516129,31,10.289977164826546,Metropolitian,Snack,19.866969,75.318894,RestaurantProxy_19.867_75.3189,Metropolitian Snack
19.8741_75.3684,4.6454545454545455,34,8.08019561962521,Metropolitian,Meal,19.874103,75.368419,RestaurantProxy_19.8741_75.3684,Metropolitian Meal
19.8744_75.3602,4.6000000000000005,29,9.89417533302004,Metropolitian,Snack,19.874449,75.360232,RestaurantProxy_19.8744_75.3602,Metropolitian Snack
19.8747_75.3539,4.684848484848485,36,9.750950745768742,Metropolitian,Buffet,19.874733,75.353942,RestaurantProxy_19.8747_75.3539,Metropolitian Buffet
19.8753_75.3167,4.593548387096774,32,8.918986281481805,Metropolitian,Buffet,19.875337,75.316722,RestaurantProxy_19.8753_75.3167,Metropolitian Buffet
19.8755_75.3671,4.533333333333333,37,10.064815418434454,Metropolitian,Meal,19.875522,75.367127,RestaurantProxy_19.8755_75.3671,Metropolitian Meal
19.8759_75.3589,4.627586206896551,32,9.681948029344982,Metropolitian,Meal,19.875908,75.358888,RestaurantProxy_19.8759_75.3589,Metropolitian Meal
19.875_75.3224,4.575675675675676,38,9.559041226699332,Metropolitian,Snack,19.875016,75.322405,RestaurantProxy_19.875_75.3224,Metropolitian Snack
19.8761_75.3408,4.5864864864864865,37,9.693591829736196,Metropolitian,Snack,19.876106,75.340775,RestaurantProxy_19.8761_75.3408,Metropolitian Snack
19.8762_75.346,4.621212121212121,33,10.221074919729594,Metropolitian,Drinks,19.876219,75.346017,RestaurantProxy_19.8762_75.346,Metropolitian Drinks
19.8764_75.3648,4.626470588235295,35,8.546953735988446,Metropolitian,Buffet,19.876428,75.364792,RestaurantProxy_19.8764_75.3648,Metropolitian Buffet
19.877_75.3724,4.6375,34,8.79831199529356,Metropolitian,Buffet,19.876994,75.372353,RestaurantProxy_19.877_75.3724,Metropolitian Buffet
19.878_75.3175,4.613333333333333,32,9.634230149217693,Metropolitian,Buffet,19.878028,75.317475,RestaurantProxy_19.878_75.3175,Metropolitian Buffet
19.8796_75.3234,4.551724137931035,31,9.40344074626555,Metropolitian,Snack,19.879631,75.323403,RestaurantProxy_19.8796_75.3234,Metropolitian Snack
19.8803_75.3235,4.711111111111111,30,7.529443647367375,Metropolitian,Snack,19.880256,75.323503,RestaurantProxy_19.8803_75.3235,Metropolitian Snack
19.8887_75.3215,4.622580645161291,31,10.437012775581662,Metropolitian,Drinks,19.888716,75.321461,RestaurantProxy_19.8887_75.3215,Metropolitian Drinks
21.1496_72.7727,4.625657894736842,156,9.852648749216796,Metropolitian,Buffet,21.149569,72.772697,RestaurantProxy_21.1496_72.7727,Metropolitian Buffet
21.1497_72.7726,4.631578947368421,157,9.286426355030063,Metropolitian,Drinks,21.149669,72.772629,RestaurantProxy_21.1497_72.7726,Metropolitian Drinks
21.1498_72.7787,4.596621621621622,154,9.921371197765477,Metropolitian,Drinks,21.149834,72.778666,RestaurantProxy_21.1498_72.7787,Metropolitian Drinks
21.1528_72.7781,4.648000000000001,157,9.625195667387363,Metropolitian,Drinks,21.15276,72.778059,RestaurantProxy_21.1528_72.7781,Metropolitian Drinks
21.1577_72.7687,4.666666666666667,147,9.36975077004867,Metropolitian,Buffet,21.157729,72.768726,RestaurantProxy_21.1577_72.7687,Metropolitian Buffet
21.1577_72.7688,4.647368421052631,156,9.199532223304974,Metropolitian,Meal,21.157735,72.768778,RestaurantProxy_21.1577_72.7688,Metropolitian Meal
21.1604_72.7742,4.66092715231788,158,9.30428563010647,Metropolitian,Drinks,21.160437,72.774209,RestaurantProxy_21.1604_72.7742,Metropolitian Drinks
21.1605_72.7715,4.632679738562091,160,9.701045483686368,Metropolitian,Meal,21.160522,72.771477,RestaurantProxy_21.1605_72.7715,Metropolitian Meal
21.1701_72.7891,4.620253164556962,165,9.416024065759343,Metropolitian,Drinks,21.170096,72.789122,RestaurantProxy_21.1701_72.7891,Metropolitian Drinks
21.1708_72.7905,4.597080291970802,145,9.886491758246247,Metropolitian,Snack,21.170798,72.790489,RestaurantProxy_21.1708_72.7905,Metropolitian Snack
21.1711_72.7893,4.6439490445859875,166,9.633986000041178,Metropolitian,Snack,21.17106,72.789292,RestaurantProxy_21.1711_72.7893,Metropolitian Snack
21.1733_72.7927,4.624475524475524,153,9.896064867292088,Metropolitian,Meal,21.173343,72.792731,RestaurantProxy_21.1733_72.7927,Metropolitian Meal
21.1735_72.802,4.640127388535032,163,9.494148506259739,Metropolitian,Buffet,21.173493,72.801953,RestaurantProxy_21.1735_72.802,Metropolitian Buffet
21.1751_72.8043,4.6454545454545455,158,9.688675785212626,Metropolitian,Drinks,21.175104,72.804342,RestaurantProxy_21.1751_72.8043,Metropolitian Drinks
21.176_72.7955,4.6210191082802545,158,9.832960549597088,Metropolitian,Snack,21.175975,72.795503,RestaurantProxy_21.176_72.7955,Metropolitian Snack
21.1834_72.8145,4.62774193548387,160,9.443839330688826,Metropolitian,Meal,21.183434,72.814492,RestaurantProxy_21.1834_72.8145,Metropolitian Meal
21.185_72.8086,4.671140939597316,156,9.549506514505259,Metropolitian,Meal,21.185047,72.80859,RestaurantProxy_21.185_72.8086,Metropolitian Meal
21.1864_72.7941,4.6613924050632916,162,9.233337548450281,Metropolitian,Meal,21.186438,72.794115,RestaurantProxy_21.1864_72.7941,Metropolitian Meal
21.1866_72.7941,4.669934640522876,154,9.634000288986211,Metropolitian,Drinks,21.186608,72.794136,RestaurantProxy_21.1866_72.7941,Metropolitian Drinks
21.1869_72.7936,4.644520547945206,153,9.994972394938456,Metropolitian,Drinks,21.186884,72.793616,RestaurantProxy_21.1869_72.7936,Metropolitian Drinks
22.3079_73.1678,4.63421052631579,160,9.674632121403047,Metropolitian,Meal,22.307898,73.167788,RestaurantProxy_22.3079_73.1678,Metropolitian Meal
22.3081_73.1678,4.597575757575758,171,9.663440840452592,Metropolitian,Drinks,22.308096,73.167753,RestaurantProxy_22.3081_73.1678,Metropolitian Drinks
22.3102_73.1589,4.582857142857143,145,9.850162414162696,Metropolitian,Drinks,22.310237,73.158921,RestaurantProxy_22.3102_73.1589,Metropolitian Drinks
22.3103_73.1691,4.65328947368421,154,9.530238650458635,Metropolitian,Meal,22.310329,73.169083,RestaurantProxy_22.3103_73.1691,Metropolitian Meal
22.3105_73.1709,4.628275862068966,149,9.49425378103858,Metropolitian,Meal,22.310526,73.170937,RestaurantProxy_22.3105_73.1709,Metropolitian Meal
22.3114_73.1648,4.627338129496403,145,9.484532170994559,Metropolitian,Buffet,22.311358,73.164798,RestaurantProxy_22.3114_73.1648,Metropolitian Buffet
22.3116_73.165,4.625503355704699,155,9.410091610314048,Metropolitian,Meal,22.311603,73.165012,RestaurantProxy_22.3116_73.165,Metropolitian Meal
22.3118_73.1651,4.625827814569536,156,9.786631555843499,Metropolitian,Buffet,22.311844,73.165081,RestaurantProxy_22.3118_73.1651,Metropolitian Buffet
22.3128_73.1703,4.618120805369128,157,9.348087699084562,Metropolitian,Snack,22.31279,73.170283,RestaurantProxy_22.3128_73.1703,Metropolitian Snack
22.32_73.17,4.616025641025641,161,9.520118782909531,Metropolitian,Buffet,22.32,73.17,RestaurantProxy_22.32_73.17,Metropolitian Buffet
22.5141_88.3625,4.713333333333334,30,9.081528481121612,Metropolitian,Snack,22.514119,88.362504,RestaurantProxy_22.5141_88.3625,Metropolitian Snack
22.5146_88.3933,4.575,34,10.283380790007422,Metropolitian,Drinks,22.514585,88.39331,RestaurantProxy_22.5146_88.3933,Metropolitian Drinks
22.5147_88.3933,4.7081081081081075,38,8.802754930973355,Metropolitian,Snack,22.514688,88.393294,RestaurantProxy_22.5147_88.3933,Metropolitian Snack
22.5151_88.3678,4.635714285714286,30,9.4346488299547,Metropolitian,Snack,22.515082,88.36783,RestaurantProxy_22.5151_88.3678,Metropolitian Snack
22.5265_88.3645,4.6433333333333335,32,8.892006080800167,Metropolitian,Drinks,22.526461,88.364453,RestaurantProxy_22.5265_88.3645,Metropolitian Drinks
22.5279_88.3686,4.680000000000001,35,9.210869775544152,Metropolitian,Drinks,22.527893,88.368628,RestaurantProxy_22.5279_88.3686,Metropolitian Drinks
22.5337_88.3662,4.621875,33,9.264398819576215,Metropolitian,Buffet,22.533662,88.366217,RestaurantProxy_22.5337_88.3662,Metropolitian Buffet
22.5387_88.3649,4.59375,33,9.676914937758482,Metropolitian,Buffet,22.538731,88.364878,RestaurantProxy_22.5387_88.3649,Metropolitian Buffet
22.538_88.3498,4.646428571428571,29,8.924242860410985,Metropolitian,Meal,22.53796,88.349843,RestaurantProxy_22.538_88.3498,Metropolitian Meal
22.5391_88.3655,4.681818181818182,34,10.193528477708751,Metropolitian,Snack,22.539129,88.365507,RestaurantProxy_22.5391_88.3655,Metropolitian Snack
22.539_88.3223,4.658620689655172,29,9.289517686721839,Metropolitian,Buffet,22.538999,88.322337,RestaurantProxy_22.539_88.3223,Metropolitian Buffet
22.5472_88.3507,4.65,30,9.383150062904003,Metropolitian,Snack,22.547186,88.35068,RestaurantProxy_22.5472_88.3507,Metropolitian Snack
22.5491_88.4005,4.655172413793103,30,8.929152301500556,Metropolitian,Snack,22.5491,88.400467,RestaurantProxy_22.5491_88.4005,Metropolitian Snack
22.5511_88.3541,4.6000000000000005,36,9.58488987702495,Metropolitian,Buffet,22.551084,88.354127,RestaurantProxy_22.5511_88.3541,Metropolitian Buffet
22.5527_88.3529,4.703333333333333,34,9.525454778881818,Metropolitian,Meal,22.552672,88.352885,RestaurantProxy_22.5527_88.3529,Metropolitian Meal
22.5532_88.3533,4.568965517241379,30,9.433467289932189,Metropolitian,Snack,22.553227,88.353273,RestaurantProxy_22.5532_88.3533,Metropolitian Snack
22.553_88.3523,4.642424242424242,35,9.426265877925017,Metropolitian,Snack,22.552996,88.35231,RestaurantProxy_22.553_88.3523,Metropolitian Snack
22.5694_88.4332,4.631428571428572,35,9.98776775017217,Metropolitian,Buffet,22.569367,88.433187,RestaurantProxy_22.5694_88.4332,Metropolitian Buffet
22.5694_88.4335,4.6625,34,8.990869262546411,Metropolitian,Meal,22.569358,88.433452,RestaurantProxy_22.5694_88.4335,Metropolitian Meal
22.5778_88.4006,4.6433333333333335,33,10.455175132332654,Metropolitian,Meal,22.577821,88.400581,RestaurantProxy_22.5778_88.4006,Metropolitian Meal
22.6518_75.882,4.647096774193548,162,9.030681945347467,Metropolitian,Buffet,22.651847,75.881991,RestaurantProxy_22.6518_75.882,Metropolitian Buffet
22.6952_75.8661,4.663945578231293,153,9.708717299772514,Metropolitian,Meal,22.695207,75.866059,RestaurantProxy_22.6952_75.8661,Metropolitian Meal
22.7226_75.887,4.6363013698630136,153,9.440943981838577,Metropolitian,Meal,22.722634,75.886959,RestaurantProxy_22.7226_75.887,Metropolitian Meal
22.7257_75.8985,4.636075949367089,165,9.634185385994096,Metropolitian,Buffet,22.725748,75.898497,RestaurantProxy_22.7257_75.8985,Metropolitian Buffet
22.7258_75.8876,4.640000000000001,160,9.453190235015462,Metropolitian,Buffet,22.725835,75.887648,RestaurantProxy_22.7258_75.8876,Metropolitian Buffet
22.727_75.8842,4.651351351351352,152,9.264115634829777,Metropolitian,Snack,22.727021,75.884167,RestaurantProxy_22.727_75.8842,Metropolitian Snack
22.7282_75.8842,4.612337662337662,158,9.304743281011591,Metropolitian,Snack,22.728163,75.884212,RestaurantProxy_22.7282_75.8842,Metropolitian Snack
22.7322_75.8748,4.65031847133758,160,9.377410658984797,Metropolitian,Buffet,22.732225,75.874765,RestaurantProxy_22.7322_75.8748,Metropolitian Buffet
22.7446_75.8944,4.644585987261147,160,9.471485526789099,Metropolitian,Drinks,22.744648,75.894377,RestaurantProxy_22.7446_75.8944,Metropolitian Drinks
22.7455_75.8931,4.574999999999999,149,9.571850661268343,Metropolitian,Meal,22.745536,75.893106,RestaurantProxy_22.7455_75.8931,Metropolitian Meal
22.745_75.8925,4.610526315789474,164,9.646245050500772,Metropolitian,Meal,22.745049,75.892471,RestaurantProxy_22.745_75.8925,Metropolitian Meal
22.7481_75.8934,4.663758389261745,150,9.26597719320495,Metropolitian,Drinks,22.74806,75.8934,RestaurantProxy_22.7481_75.8934,Metropolitian Drinks
22.7512_75.8895,4.671328671328672,150,9.517902499177005,Metropolitian,Drinks,22.751234,75.88949,RestaurantProxy_22.7512_75.8895,Metropolitian Drinks
22.7519_75.8667,4.599371069182389,161,9.46879988422848,Metropolitian,Drinks,22.751857,75.866699,RestaurantProxy_22.7519_75.8667,Metropolitian Drinks
22.7537_75.9034,4.6585034013605435,154,9.182273290543607,Metropolitian,Snack,22.753659,75.903365,RestaurantProxy_22.7537_75.9034,Metropolitian Snack
22.7538_75.8974,4.625694444444445,149,9.378679567294961,Metropolitian,Buffet,22.753839,75.897429,RestaurantProxy_22.7538_75.8974,Metropolitian Buffet
22.75_75.9028,4.608391608391608,149,9.723908530731004,Metropolitian,Snack,22.75004,75.902847,RestaurantProxy_22.75_75.9028,Metropolitian Snack
22.7601_75.8926,4.603289473684211,160,9.404850328745823,Metropolitian,Drinks,22.760072,75.892574,RestaurantProxy_22.7601_75.8926,Metropolitian Drinks
22.7612_75.8875,4.671052631578948,155,9.669131893094105,Metropolitian,Snack,22.761226,75.887522,RestaurantProxy_22.7612_75.8875,Metropolitian Snack
22.7616_75.8864,4.607586206896552,150,9.346207501183109,Metropolitian,Drinks,22.761593,75.886362,RestaurantProxy_22.7616_75.8864,Metropolitian Drinks
23.185_77.4172,4.693333333333333,31,10.083886927181208,Metropolitian,Meal,23.184992,77.417227,RestaurantProxy_23.185_77.4172,Metropolitian Meal
23.2115_77.4194,4.645714285714286,35,8.973807836157253,Metropolitian,Meal,23.211529,77.419399,RestaurantProxy_23.2115_77.4194,Metropolitian Meal
23.2143_77.4354,4.594444444444445,38,9.298456227983456,Metropolitian,Buffet,23.214294,77.435361,RestaurantProxy_23.2143_77.4354,Metropolitian Buffet
23.2145_77.435,4.62,36,9.353647769450248,Metropolitian,Meal,23.214459,77.434976,RestaurantProxy_23.2145_77.435,Metropolitian Meal
23.219_77.3736,4.63448275862069,29,8.591279482188737,Metropolitian,Meal,23.218998000000003,77.373573,RestaurantProxy_23.219_77.3736,Metropolitian Meal
23.2308_77.437,4.596969696969697,33,9.242562484536245,Metropolitian,Buffet,23.230791,77.43702,RestaurantProxy_23.2308_77.437,Metropolitian Buffet
23.2324_77.43,4.5875,32,9.578491313711972,Metropolitian,Meal,23.232357,77.429989,RestaurantProxy_23.2324_77.43,Metropolitian Meal
23.2325_77.4298,4.694117647058824,34,9.725579807784921,Metropolitian,Snack,23.232537,77.429845,RestaurantProxy_23.2325_77.4298,Metropolitian Snack
23.2332_77.4336,4.6000000000000005,33,9.699913284521633,Metropolitian,Snack,23.233219,77.433571,RestaurantProxy_23.2332_77.4336,Metropolitian Snack
23.2342_77.434,4.7384615384615385,29,10.725355858382438,Metropolitian,Drinks,23.234249,77.434007,RestaurantProxy_23.2342_77.434,Metropolitian Drinks
23.2346_77.4017,4.625806451612903,32,9.67271080327379,Metropolitian,Meal,23.234631,77.401663,RestaurantProxy_23.2346_77.4017,Metropolitian Meal
23.2351_77.3989,4.665517241379311,33,9.882923358477449,Metropolitian,Drinks,23.235123,77.398886,RestaurantProxy_23.2351_77.3989,Metropolitian Drinks
23.264_77.4082,4.58,33,9.51601054793002,Metropolitian,Drinks,23.264015,77.408236,RestaurantProxy_23.264_77.4082,Metropolitian Drinks
23.2663_77.3796,4.683333333333334,33,10.064816889128641,Metropolitian,Meal,23.266261,77.379605,RestaurantProxy_23.2663_77.3796,Metropolitian Meal
23.333_85.3172,4.649044585987261,160,9.75436500679545,Metropolitian,Buffet,23.333017,85.3172,RestaurantProxy_23.333_85.3172,Metropolitian Buffet
23.3511_85.3257,4.65,155,9.279735586623998,Metropolitian,Meal,23.351058,85.325731,RestaurantProxy_23.3511_85.3257,Metropolitian Meal
23.3515_85.3243,4.6375,164,9.239797111827276,Metropolitian,Drinks,23.351489,85.324253,RestaurantProxy_23.3515_85.3243,Metropolitian Drinks
23.3538_85.327,4.670129870129871,163,9.240869506479251,Metropolitian,Meal,23.353783,85.326967,RestaurantProxy_23.3538_85.327,Metropolitian Meal
23.3544_85.3329,4.6882758620689655,152,9.4031643755766,Metropolitian,Snack,23.354422,85.3329,RestaurantProxy_23.3544_85.3329,Metropolitian Snack
23.3552_85.3241,4.673333333333333,153,9.203596052037584,Metropolitian,Snack,23.355164,85.324097,RestaurantProxy_23.3552_85.3241,Metropolitian Snack
23.3578_85.3251,4.5929032258064515,156,9.626338962704686,Metropolitian,Buffet,23.357804,85.325146,RestaurantProxy_23.3578_85.3251,Metropolitian Buffet
23.3592_85.3254,4.639583333333333,155,9.201560607125248,Metropolitian,Drinks,23.359194,85.325447,RestaurantProxy_23.3592_85.3254,Metropolitian Drinks
23.3594_85.3251,4.634375,164,9.239567431291041,Metropolitian,Meal,23.359407,85.325055,RestaurantProxy_23.3594_85.3251,Metropolitian Meal
23.359_85.3253,4.639333333333333,156,9.07489418691024,Metropolitian,Meal,23.359033,85.325347,RestaurantProxy_23.359_85.3253,Metropolitian Meal
23.3697_85.3398,4.6189189189189195,154,9.182581844569494,Metropolitian,Snack,23.369746,85.33982,RestaurantProxy_23.3697_85.3398,Metropolitian Snack
23.3713_85.3279,4.594409937888199,168,9.639011669792533,Metropolitian,Drinks,23.371292,85.327872,RestaurantProxy_23.3713_85.3279,Metropolitian Drinks
23.3749_85.3357,4.631944444444445,154,9.290202531738537,Metropolitian,Snack,23.374878,85.335739,RestaurantProxy_23.3749_85.3357,Metropolitian Snack
23.375_85.3355,4.623972602739726,150,9.135495200534649,Metropolitian,Buffet,23.374989,85.335486,RestaurantProxy_23.375_85.3355,Metropolitian Buffet
23.3992_85.3905,4.639333333333333,156,9.35412725345887,Metropolitian,Buffet,23.39925,85.390464,RestaurantProxy_23.3992_85.3905,Metropolitian Buffet
23.4168_85.3168,4.665517241379311,152,9.272101895272304,Metropolitian,Drinks,23.416792,85.316842,RestaurantProxy_23.4168_85.3168,Metropolitian Drinks
25.444_81.8602,4.621212121212121,35,10.870772789128976,Metropolitian,Buffet,25.443994,81.860187,RestaurantProxy_25.444_81.8602,Metropolitian Buffet
25.4497_81.8397,4.5775,40,9.923820645963715,Metropolitian,Meal,25.449659,81.839744,RestaurantProxy_25.4497_81.8397,Metropolitian Meal
25.4499_81.8362,4.6171428571428565,38,10.761321503709611,Metropolitian,Meal,25.449872,81.836167,RestaurantProxy_25.4499_81.8362,Metropolitian Meal
25.4503_81.8317,4.578787878787878,36,10.693427852036386,Metropolitian,Buffet,25.450317,81.831681,RestaurantProxy_25.4503_81.8317,Metropolitian Buffet
25.4503_81.8343,4.726315789473684,38,10.721894331598762,Metropolitian,Drinks,25.450329,81.834279,RestaurantProxy_25.4503_81.8343,Metropolitian Drinks
25.4504_81.8342,4.553846153846154,30,9.437140705567101,Metropolitian,Buffet,25.450377,81.834236,RestaurantProxy_25.4504_81.8342,Metropolitian Buffet
25.4515_81.8326,4.638709677419355,34,11.013913241172595,Metropolitian,Buffet,25.451517,81.832616,RestaurantProxy_25.4515_81.8326,Metropolitian Buffet
25.4516_81.8328,4.735483870967743,32,11.327802957423131,Metropolitian,Buffet,25.451646,81.832796,RestaurantProxy_25.4516_81.8328,Metropolitian Buffet
25.4524_81.8419,4.648717948717949,39,10.75416523129398,Metropolitian,Buffet,25.45235,81.841889,RestaurantProxy_25.4524_81.8419,Metropolitian Buffet
25.4534_81.8332,4.682758620689656,29,10.123721843907148,Metropolitian,Drinks,25.453436,81.83316699999999,RestaurantProxy_25.4534_81.8332,Metropolitian Drinks
25.4546_81.8345,4.578125,35,9.629372357580378,Metropolitian,Drinks,25.454648,81.834502,RestaurantProxy_25.4546_81.8345,Metropolitian Drinks
25.4547_81.8345,4.643902439024391,42,10.592176132095636,Metropolitian,Buffet,25.454697,81.834492,RestaurantProxy_25.4547_81.8345,Metropolitian Buffet
25.4571_81.8597,4.685714285714286,35,10.39956479184365,Metropolitian,Snack,25.457116,81.859682,RestaurantProxy_25.4571_81.8597,Metropolitian Snack
25.4577_81.8356,4.623684210526315,40,11.15911897071014,Metropolitian,Snack,25.457687,81.835585,RestaurantProxy_25.4577_81.8356,Metropolitian Snack
25.4598_81.8348,4.655813953488372,44,10.485012702300155,Metropolitian,Buffet,25.459775,81.834841,RestaurantProxy_25.4598_81.8348,Metropolitian Buffet
26.4635_80.3729,4.609375,35,11.084500601692195,Metropolitian,Meal,26.463504,80.372929,RestaurantProxy_26.4635_80.3729,Metropolitian Meal
26.469_80.3163,4.64375,34,9.742767841545398,Metropolitian,Snack,26.469003,80.316344,RestaurantProxy_26.469_80.3163,Metropolitian Snack
26.4715_80.3135,4.603125,32,9.745328514078562,Metropolitian,Snack,26.471529,80.313458,RestaurantProxy_26.4715_80.3135,Metropolitian Snack
26.4716_80.3136,4.652631578947369,41,9.716969699880238,Metropolitian,Meal,26.471616999999995,80.313564,RestaurantProxy_26.4716_80.3136,Metropolitian Meal
26.472_80.354,4.69375,33,10.26383834030097,Metropolitian,Drinks,26.472001,80.354002,RestaurantProxy_26.472_80.354,Metropolitian Drinks
26.4737_80.3527,4.625641025641026,40,10.071686813479001,Metropolitian,Buffet,26.473698000000002,80.352677,RestaurantProxy_26.4737_80.3527,Metropolitian Buffet
26.4741_80.3481,4.714285714285714,30,9.798061856745518,Metropolitian,Meal,26.474133,80.3481,RestaurantProxy_26.4741_80.3481,Metropolitian Meal
26.475_80.3428,4.62972972972973,37,10.081677781870434,Metropolitian,Buffet,26.474986,80.342796,RestaurantProxy_26.475_80.3428,Metropolitian Buffet
26.4778_80.3516,4.697297297297298,37,11.250996544554209,Metropolitian,Drinks,26.47775,80.351569,RestaurantProxy_26.4778_80.3516,Metropolitian Drinks
26.4791_80.315,4.703333333333333,32,10.39776657073047,Metropolitian,Snack,26.479108,80.315042,RestaurantProxy_26.4791_80.315,Metropolitian Snack
26.47_80.35,4.427272727272727,36,10.403417451324664,Metropolitian,Meal,26.47,80.35,RestaurantProxy_26.47_80.35,Metropolitian Meal
26.4815_80.2998,4.623529411764705,36,10.485746298303381,Metropolitian,Snack,26.481547,80.299775,RestaurantProxy_26.4815_80.2998,Metropolitian Snack
26.4824_80.3209,4.65625,32,9.511896219827982,Metropolitian,Buffet,26.482419,80.320939,RestaurantProxy_26.4824_80.3209,Metropolitian Buffet
26.4826_80.3156,4.684615384615384,40,10.92914493533235,Metropolitian,Meal,26.482581,80.315628,RestaurantProxy_26.4826_80.3156,Metropolitian Meal
26.4837_80.3207,4.579411764705882,34,10.049330673711879,Metropolitian,Drinks,26.483672,80.320708,RestaurantProxy_26.4837_80.3207,Metropolitian Drinks
26.483_80.3178,4.592105263157895,40,10.779946412174349,Metropolitian,Snack,26.483042,80.317833,RestaurantProxy_26.483_80.3178,Metropolitian Snack
26.491_80.3187,4.597058823529412,35,10.998030181172425,Metropolitian,Drinks,26.49095,80.318656,RestaurantProxy_26.491_80.3187,Metropolitian Drinks
26.4921_80.3278,4.674285714285714,39,10.635156012630807,Metropolitian,Meal,26.492105999999996,80.327797,RestaurantProxy_26.4921_80.3278,Metropolitian Meal
26.7665_75.8373,4.626060606060606,169,10.247580084277628,Metropolitian,Meal,26.766535999999995,75.837333,RestaurantProxy_26.7665_75.8373,Metropolitian Meal
26.8462_75.8023,4.674074074074074,166,10.061533076795952,Metropolitian,Buffet,26.846155999999997,75.8023,RestaurantProxy_26.8462_75.8023,Metropolitian Buffet
26.8496_75.8005,4.610559006211179,169,10.253064860943738,Metropolitian,Drinks,26.849596,75.800512,RestaurantProxy_26.8496_75.8005,Metropolitian Drinks
26.8884_75.8007,4.677245508982036,173,9.85091022096396,Metropolitian,Buffet,26.888419999999996,75.800689,RestaurantProxy_26.8884_75.8007,Metropolitian Buffet
26.8912_75.8021,4.6257861635220126,162,9.977159642806464,Metropolitian,Drinks,26.891191,75.802083,RestaurantProxy_26.8912_75.8021,Metropolitian Drinks
26.8923_75.8069,4.6430303030303035,173,10.367386205241461,Metropolitian,Snack,26.892312,75.806896,RestaurantProxy_26.8923_75.8069,Metropolitian Snack
26.9023_75.7943,4.620118343195266,170,10.11179473051757,Metropolitian,Buffet,26.902328,75.794257,RestaurantProxy_26.9023_75.7943,Metropolitian Buffet
26.9029_75.7929,4.608284023668639,174,10.238885209531034,Metropolitian,Meal,26.902908,75.792934,RestaurantProxy_26.9029_75.7929,Metropolitian Meal
26.9029_75.793,4.608982035928144,175,10.359096846054255,Metropolitian,Drinks,26.90294,75.793007,RestaurantProxy_26.9029_75.793,Metropolitian Drinks
26.9052_75.8108,4.633333333333334,165,9.966745793592922,Metropolitian,Buffet,26.90519,75.810753,RestaurantProxy_26.9052_75.8108,Metropolitian Buffet
26.9053_75.7946,4.636024844720497,170,10.453342505119322,Metropolitian,Snack,26.905287,75.794592,RestaurantProxy_26.9053_75.7946,Metropolitian Snack
26.9103_75.783,4.663522012578617,163,10.499970483074883,Metropolitian,Meal,26.910262,75.783013,RestaurantProxy_26.9103_75.783,Metropolitian Meal
26.9114_75.789,4.6505882352941175,177,10.191220403331146,Metropolitian,Meal,26.911377999999996,75.789034,RestaurantProxy_26.9114_75.789,Metropolitian Meal
26.9119_75.7973,4.635802469135802,167,10.854906791147515,Metropolitian,Snack,26.911926999999995,75.797282,RestaurantProxy_26.9119_75.7973,Metropolitian Snack
26.9135_75.8031,4.6078787878787875,170,10.32159144699521,Metropolitian,Meal,26.913483000000003,75.803139,RestaurantProxy_26.9135_75.8031,Metropolitian Meal
26.9137_75.7528,4.607317073170732,169,10.215250364625026,Metropolitian,Drinks,26.913726,75.75282,RestaurantProxy_26.9137_75.7528,Metropolitian Drinks
26.9141_75.8057,4.634104046242775,179,10.385107349355943,Metropolitian,Drinks,26.914142,75.805704,RestaurantProxy_26.9141_75.8057,Metropolitian Drinks
26.914_75.7529,4.650666666666667,161,9.927188250509365,Metropolitian,Drinks,26.913986999999995,75.752891,RestaurantProxy_26.914_75.7529,Metropolitian Drinks
26.9214_75.7936,4.60891719745223,160,10.249573049569733,Metropolitian,Snack,26.921411,75.793604,RestaurantProxy_26.9214_75.7936,Metropolitian Snack
26.9564_75.7766,4.605555555555556,169,10.530714960325323,Metropolitian,Snack,26.956431,75.776649,RestaurantProxy_26.9564_75.7766,Metropolitian Snack
27.1578_78.0472,4.721621621621622,40,9.635523189444825,Metropolitian,Snack,27.157772,78.04725,RestaurantProxy_27.1578_78.0472,Metropolitian Snack
27.1588_78.0454,4.645714285714286,36,9.87930992141327,Metropolitian,Buffet,27.158822,78.045359,RestaurantProxy_27.1588_78.0454,Metropolitian Buffet
27.1598_78.043,4.572222222222222,39,10.531087161763638,Metropolitian,Buffet,27.159795000000003,78.04299,RestaurantProxy_27.1598_78.043,Metropolitian Buffet
27.1608_78.0116,4.736363636363636,34,10.372798102760177,Metropolitian,Meal,27.160832,78.011608,RestaurantProxy_27.1608_78.0116,Metropolitian Meal
27.1609_78.0441,4.6551282051282055,80,10.714167063797813,Metropolitian,Snack,27.160934000000005,78.044095,RestaurantProxy_27.1609_78.0441,Metropolitian Snack
27.1617_78.0115,4.613513513513513,39,10.416604550137464,Metropolitian,Drinks,27.161661000000002,78.011544,RestaurantProxy_27.1617_78.0115,Metropolitian Drinks
27.1617_78.0347,4.625641025641026,39,10.49284421676678,Metropolitian,Snack,27.161694000000004,78.034714,RestaurantProxy_27.1617_78.0347,Metropolitian Snack
27.1618_78.0402,4.626470588235295,35,10.714060770247194,Metropolitian,Drinks,27.16185,78.040165,RestaurantProxy_27.1618_78.0402,Metropolitian Drinks
27.1633_78.057,4.633783783783784,76,10.083637063458454,Metropolitian,Meal,27.163303,78.057044,RestaurantProxy_27.1633_78.057,Metropolitian Meal
27.1651_78.0151,4.58,41,10.45269244344442,Metropolitian,Snack,27.165108,78.015053,RestaurantProxy_27.1651_78.0151,Metropolitian Snack
27.1959_77.9981,4.711428571428572,35,11.222750592536768,Metropolitian,Buffet,27.195928,77.998092,RestaurantProxy_27.1959_77.9981,Metropolitian Buffet
27.2017_78.0076,4.624324324324324,37,10.897422202672372,Metropolitian,Snack,27.201725,78.007553,RestaurantProxy_27.2017_78.0076,Metropolitian Snack
30.3195_78.0403,4.690322580645161,35,9.734954272322973,Metropolitian,Snack,30.319528,78.040267,RestaurantProxy_30.3195_78.0403,Metropolitian Snack
30.3282_78.0491,4.6825,40,10.059777308352,Metropolitian,Buffet,30.328174,78.049117,RestaurantProxy_30.3282_78.0491,Metropolitian Buffet
30.328_78.0461,4.65625,35,10.280073969609488,Metropolitian,Snack,30.327968,78.046106,RestaurantProxy_30.328_78.0461,Metropolitian Snack
30.3327_78.0542,4.566666666666666,41,10.279780979410484,Metropolitian,Drinks,30.332735,78.054222,RestaurantProxy_30.3327_78.0542,Metropolitian Drinks
30.3353_78.0532,4.6,37,10.041550469782173,Metropolitian,Buffet,30.335259,78.053162,RestaurantProxy_30.3353_78.0532,Metropolitian Buffet
30.3407_78.0602,4.605405405405405,40,10.242749677902792,Metropolitian,Buffet,30.340722,78.060221,RestaurantProxy_30.3407_78.0602,Metropolitian Buffet
30.3425_78.0612,4.642857142857143,37,10.001656332344792,Metropolitian,Meal,30.342509000000003,78.061187,RestaurantProxy_30.3425_78.0612,Metropolitian Meal
30.347_78.0625,4.583870967741936,32,10.325068069388822,Metropolitian,Meal,30.346994,78.062543,RestaurantProxy_30.347_78.0625,Metropolitian Meal
30.3597_78.0671,4.630303030303031,35,10.907832433094649,Metropolitian,Buffet,30.359722000000005,78.067079,RestaurantProxy_30.3597_78.0671,Metropolitian Buffet
30.3613_78.068,4.643589743589743,39,9.864445154590559,Metropolitian,Buffet,30.361281,78.068022,RestaurantProxy_30.3613_78.068,Metropolitian Buffet
30.3627_78.0689,4.641025641025641,39,10.240861172841672,Metropolitian,Snack,30.362685999999997,78.06889,RestaurantProxy_30.3627_78.0689,Metropolitian Snack
30.3663_78.0705,4.596428571428571,29,10.835158697949838,Metropolitian,Buffet,30.366322,78.070453,RestaurantProxy_30.3663_78.0705,Metropolitian Buffet
30.3722_78.0772,4.544117647058823,35,9.984487311050193,Metropolitian,Snack,30.372202,78.077151,RestaurantProxy_30.3722_78.0772,Metropolitian Snack
30.874_75.8427,4.662962962962963,28,11.144753825837467,Metropolitian,Meal,30.873988,75.84273900000001,RestaurantProxy_30.874_75.8427,Metropolitian Meal
30.8858_75.787,4.591176470588235,35,10.087339390932044,Metropolitian,Buffet,30.885814,75.786976,RestaurantProxy_30.8858_75.787,Metropolitian Buffet
30.8859_75.7883,4.61578947368421,40,9.63231220439712,Metropolitian,Meal,30.885915,75.788259,RestaurantProxy_30.8859_75.7883,Metropolitian Meal
30.8872_75.8049,4.629411764705883,34,9.608589140163263,Metropolitian,Buffet,30.887219999999996,75.804893,RestaurantProxy_30.8872_75.8049,Metropolitian Buffet
30.8902_75.8296,4.6125,33,9.278111428351158,Metropolitian,Snack,30.890184,75.829615,RestaurantProxy_30.8902_75.8296,Metropolitian Snack
30.8929_75.8222,4.561538461538461,39,9.691101819664022,Metropolitian,Drinks,30.89286,75.822199,RestaurantProxy_30.8929_75.8222,Metropolitian Drinks
30.8931_75.8215,4.533333333333333,41,10.040136341146276,Metropolitian,Drinks,30.893081,75.821495,RestaurantProxy_30.8931_75.8215,Metropolitian Drinks
30.8932_75.8217,4.5815789473684205,39,9.954095944440459,Metropolitian,Buffet,30.893234,75.82172,RestaurantProxy_30.8932_75.8217,Metropolitian Buffet
30.8932_75.8218,4.730555555555556,37,10.214922505973727,Metropolitian,Meal,30.893243999999996,75.821817,RestaurantProxy_30.8932_75.8218,Metropolitian Meal
30.8934_75.8212,4.6,38,10.44728571520056,Metropolitian,Snack,30.893383999999998,75.821202,RestaurantProxy_30.8934_75.8212,Metropolitian Snack
30.893_75.8218,4.632352941176471,35,11.468166781799551,Metropolitian,Meal,30.892978,75.821847,RestaurantProxy_30.893_75.8218,Metropolitian Meal
30.8952_75.8221,4.612820512820513,41,10.182980869725279,Metropolitian,Drinks,30.895204,75.822103,RestaurantProxy_30.8952_75.8221,Metropolitian Drinks
30.8958_75.8131,4.632352941176471,36,10.295056146640615,Metropolitian,Drinks,30.895817000000005,75.813112,RestaurantProxy_30.8958_75.8131,Metropolitian Drinks
30.8996_75.8093,4.64,41,10.039856338785873,Metropolitian,Buffet,30.899583999999997,75.809346,RestaurantProxy_30.8996_75.8093,Metropolitian Buffet
30.9029_75.8268,4.623333333333333,31,9.02557010052484,Metropolitian,Meal,30.902872,75.826808,RestaurantProxy_30.9029_75.8268,Metropolitian Meal
30.9056_75.8328,4.697058823529411,35,10.044675285493126,Metropolitian,Snack,30.905562000000003,75.832841,RestaurantProxy_30.9056_75.8328,Metropolitian Snack
30.9141_75.8398,4.63076923076923,41,9.967794251011606,Metropolitian,Buffet,30.914057,75.83982,RestaurantProxy_30.9141_75.8398,Metropolitian Buffet
30.9_75.8313,4.652777777777778,37,9.700003536614716,Metropolitian,Snack,30.899992,75.831338,RestaurantProxy_30.9_75.8313,Metropolitian Snack
9.9571_76.2968,4.64,41,9.896712105918745,Metropolitian,Buffet,9.957144,76.296783,RestaurantProxy_9.9571_76.2968,Metropolitian Buffet
9.9598_76.2961,4.661538461538462,39,9.48386219627198,Metropolitian,Drinks,9.959778,76.296106,RestaurantProxy_9.9598_76.2961,Metropolitian Drinks
9.9608_76.2939,4.638461538461538,26,8.703569787049647,Metropolitian,Snack,9.960846,76.293936,RestaurantProxy_9.9608_76.2939,Metropolitian Snack
9.9668_76.243,4.658064516129032,31,10.722907553464784,Metropolitian,Snack,9.966783,76.242981,RestaurantProxy_9.9668_76.243,Metropolitian Snack
9.9707_76.2854,4.610714285714286,30,10.351997805992244,Metropolitian,Buffet,9.970717,76.285447,RestaurantProxy_9.9707_76.2854,Metropolitian Buffet
9.9792_76.3174,4.641379310344828,32,9.704878372749398,Metropolitian,Meal,9.979186,76.317361,RestaurantProxy_9.9792_76.3174,Metropolitian Meal
9.9794_76.285,4.635135135135135,37,9.44787657367327,Metropolitian,Snack,9.979363,76.285001,RestaurantProxy_9.9794_76.285,Metropolitian Snack
9.9828_76.2833,4.624137931034483,31,9.86683235697215,Metropolitian,Meal,9.982834,76.283268,RestaurantProxy_9.9828_76.2833,Metropolitian Meal
9.9855_76.277,4.673529411764706,35,10.567269644537623,Metropolitian,Meal,9.985497,76.276999,RestaurantProxy_9.9855_76.277,Metropolitian Meal
9.9857_76.2811,4.68235294117647,37,9.321266531445977,Metropolitian,Drinks,9.985697,76.281128,RestaurantProxy_9.9857_76.2811,Metropolitian Drinks
9.9885_76.2952,4.525,29,9.901508024471399,Metropolitian,Buffet,9.988483,76.295211,RestaurantProxy_9.9885_76.2952,Metropolitian Buffet
9.9917_76.2931,4.764864864864865,38,9.732944729462448,Metropolitian,Drinks,9.991703,76.293136,RestaurantProxy_9.9917_76.2931,Metropolitian Drinks
